Young-Ae Kang <youngae.kang@samsung.com>
JongMun Woo <jongmun.woo@samsung.com>
Kyoungjun Sung <kj7.sung@samsung.com>
Woo-Young Kim <woo02.kim@samsung.com>
Bono Koo <mw.koo@samsung.com>
Ki-Sun SHIN <kisun47.shin@samsung.com>
bosung kwak <bosung.kwak@samsung.com>
Areum Choi <arumi.choi@samsung.com>
